metric,value
books_discovered_thadbsi,66
books_discovered_niv,66
chapters_discovered_thadbsi,1189
chapters_discovered_niv,1189
chapters_extracted_thadbsi,1189
chapters_extracted_niv,1189
verses_normalized_thadbsi,31104
verses_normalized_niv,31103
aligned_verse_pairs,31087
ml_pairs,31087
missing_in_thadbsi,0
missing_in_niv,17
duplicate_thadbsi,0
duplicate_niv,0
language_uncertain_verses,0
language_uncertain_chapters,0
extraction_error_verses,0
extraction_failures_chapters,0
unreadable_raw_files,0
empty_verses_in_raw,16
audit_records,31104
train_verses,27279
train_books,55
validation_verses,2869
validation_books,7
test_verses,939
test_books,4
checksummed_files,2386
verification_ok,true
verification_complete,true
